{
  "project_info": {
    "project_number": "903827120369",
    "firebase_url": "https://tutor-up-e6499.firebaseio.com",
    "project_id": "tutor-up-e6499",
    "storage_bucket": "tutor-up-e6499.appspot.com"
  },
  "client": [
    {
      "client_info": {
        "mobilesdk_app_id": "1:903827120369:android:b6166a5209ef589d6fc950",
        "android_client_info": {
          "package_name": "com.example.tutorup"
        }
      },
      "oauth_client": [
        {
          "client_id": "903827120369-l83r5cm5qj1cles3rq2n70rj086cejqu.apps.googleusercontent.com",
          "client_type": 3
        }
      ],
      "api_key": [
        {
          "current_key": "AIzaSyBNFi7mE4aVoihtRq2QS5JqLKU5mobxd_k"
        }
      ],
      "services": {
        "appinvite_service": {
          "other_platform_oauth_client": [
            {
              "client_id": "903827120369-l83r5cm5qj1cles3rq2n70rj086cejqu.apps.googleusercontent.com",
              "client_type": 3
            }
          ]
        }
      }
    }
  ],
  "configuration_version": "1"
}